topic,relation,argSrc,argTrg,sameTree,similarity,prompt,truth,output_lengths,completion
"['Society', 'School', 'Education']",attack,"Even though it is more likely, corruption is also present in positions of power with no economic incentive. A vote in academic decisions for example, can be as desired as an economic incentive,","Corruption is more likely when there are economic interests in the middle. For student unions, that would not be the case.",True,0.7307765701644594,"You are an expert in argumentation. Your task is to determine the relation from [SOURCE] argument to [TARGET] argument as either ""attack"", ""support"" or ""neutral"". That is, does [SOURCE] argument attack, support, or is not related to [TARGET] argument ?

Think about the reasoning process first and then give the relation.
Respond only with attack, support or neutral.

[SOURCE] : {}
[TARGET] : {}
",attack,184,"
Alright, let's try to figure out the relationship between the SOURCE and TARGET arguments. The SOURCE says that corruption exists in positions of power without economic incentives, like in academic decisions. The TARGET argues that corruption is more likely when there are economic interests involved, especially for student unions where that's not the case.

So, the SOURCE is pointing out that corruption can occur even without economic incentives, which might be seen as a challenge to the TARGET's claim that economic interests make corruption more likely. The SOURCE is suggesting that corruption isn't solely tied to economic factors, which could be seen as attacking the TARGET's argument by providing a counterexample. On the other hand, the SOURCE isn't necessarily supporting the TARGET because it's highlighting a scenario where the TARGET's condition (economic interest) isn't present, yet corruption still exists. Therefore, the SOURCE is challenging the TARGET's assumption, making it an attack.
"
"['Philosophy', 'Religion']",attack,"If God's will is purely for good, then this must at least allow for human beings to choose to do evil.",Free will can exist without evil. It is possible to choose among multiple good choices without having to cause harm.,True,0.7329071164131165,"You are an expert in argumentation. Your task is to determine the relation from [SOURCE] argument to [TARGET] argument as either ""attack"", ""support"" or ""neutral"". That is, does [SOURCE] argument attack, support, or is not related to [TARGET] argument ?

Think about the reasoning process first and then give the relation.
Respond only with attack, support or neutral.

[SOURCE] : {}
[TARGET] : {}
",attack,238,"
Okay, so I need to figure out the relationship between the source argument and the target argument. The source says, ""If God's will is purely for good, then this must at least allow for human beings to choose to do evil."" The target states, ""Free will can exist without evil. It is possible to choose among multiple good choices without having to cause harm.""

First, I'll break down the source. It's suggesting that if God is all-good, then humans must have the ability to choose evil. This implies that free will includes the possibility of evil.

Now, the target is arguing the opposite. It says that free will doesn't require evil; people can choose between good options without causing harm. So, the target is saying that free will can exist in a purely good context.

The source seems to be saying that allowing evil is necessary for free will, while the target is saying it's not. So, the source is supporting the idea that evil is a consequence of free will, which the target is directly countering. Therefore, the source is attacking the target's position by implying that without the possibility of evil, free will isn't possible.
"
"['FreeSpeech', 'WhiteSupremacy', 'NoPlatforming', 'Politics', 'USA', 'Law', 'Ethics']",attack,"Creating a database that compares terrorist posts and automatically deletes them, as is done with child porn, is a simple and cost-effective method to handle terrorist content.",Eliminating terrorist accounts would be technically difficult for both Facebook and Twitter.,True,0.5225646495819092,"You are an expert in argumentation. Your task is to determine the relation from [SOURCE] argument to [TARGET] argument as either ""attack"", ""support"" or ""neutral"". That is, does [SOURCE] argument attack, support, or is not related to [TARGET] argument ?

Think about the reasoning process first and then give the relation.
Respond only with attack, support or neutral.

[SOURCE] : {}
[TARGET] : {}
",attack,112,"
Alright, so I need to figure out the relationship between the source argument and the target argument. The source says that creating a database to compare and delete terrorist posts is simple and cost-effective. The target argues that eliminating terrorist accounts is technically difficult for Facebook and Twitter. 

Hmm, the source is suggesting an easy method, while the target is stating it's difficult. So, the source is supporting the idea that it's easy, which contradicts the target's point that it's hard. That means the source is attacking the target's argument.
"
"['Ethics', 'Internet', 'Privacy', 'Technology']",attack,"Users who install adblock software are unlikely to have clicked the adverts in any event, as clearly the user does not want to see the ads",Running ad-blockers is equivalent to freeloading off of media publications because it blocks their revenue stream.,True,0.5020825266838074,"You are an expert in argumentation. Your task is to determine the relation from [SOURCE] argument to [TARGET] argument as either ""attack"", ""support"" or ""neutral"". That is, does [SOURCE] argument attack, support, or is not related to [TARGET] argument ?

Think about the reasoning process first and then give the relation.
Respond only with attack, support or neutral.

[SOURCE] : {}
[TARGET] : {}
",attack,227,"
Okay, so I need to figure out whether the source argument attacks, supports, or is neutral regarding the target argument. Let me start by understanding both arguments.

The source argument says that users who install adblock software probably didn't click on ads anyway because they don't want to see them. This seems to suggest that using adblockers doesn't really affect the number of clicks, implying that maybe the impact on revenue isn't as big as people think.

The target argument claims that running ad-blockers is like freeloading because it stops the media from making money. So, it's saying that ad-blockers are harmful to media revenue.

Now, does the source argument support or attack the target? The source is pointing out that even without adblockers, users weren't clicking on ads. So, it's arguing that the loss of revenue isn't as significant as the target suggests. This would weaken the target's argument because if people weren't clicking anyway, then ad-blockers aren't the main cause of revenue loss. Therefore, the source is attacking the target's claim by providing a counterpoint.
"
"['Politics', 'Welfare', 'People']",attack,Domestic violence can be tackled in a more targeted and efficient manner. There is no need to pay a UBI to everyone to solve this problem.,UBI's help decrease Domestic Violence because victims of Domestic Violence are sometimes dependent on their spouses income. Universal basic incomes would provide ways for victims of Domestic Violence to independently rebuild their lives away from their abusive spouses.,True,0.7463143690322155,"You are an expert in argumentation. Your task is to determine the relation from [SOURCE] argument to [TARGET] argument as either ""attack"", ""support"" or ""neutral"". That is, does [SOURCE] argument attack, support, or is not related to [TARGET] argument ?

Think about the reasoning process first and then give the relation.
Respond only with attack, support or neutral.

[SOURCE] : {}
[TARGET] : {}
",attack,192,"
Alright, so I need to figure out the relationship between the source argument and the target argument. Let me read them again.

The source argument says that domestic violence can be tackled more effectively and efficiently without needing to pay a Universal Basic Income (UBI) to everyone. It suggests that UBI isn't necessary for solving this problem.

The target argument claims that UBI helps decrease domestic violence because victims are sometimes dependent on their spouse's income. By providing UBI, victims can independently rebuild their lives away from abusive spouses.

Hmm, so the source is arguing against UBI as a solution for domestic violence, saying it's not needed. The target is supporting UBI because it helps victims become independent. 

So, the source is against using UBI for this issue, while the target is in favor. That means the source is attacking the target's argument by saying UBI isn't necessary. 

Therefore, the relationship is ""attack"".
"
"['Christianity', 'Bible', 'Atheism', 'God']",attack,Escaping to Egypt is extremely unlikely since it is far away and the road was well traveled by people going to or from Jerusalem. It would have been easier and safer merely to go to another town in Palestine.,"After the Magi visit and Joseph and Mary find out that they need to escape Herod, they go to Egypt.",True,0.5387919705746167,"You are an expert in argumentation. Your task is to determine the relation from [SOURCE] argument to [TARGET] argument as either ""attack"", ""support"" or ""neutral"". That is, does [SOURCE] argument attack, support, or is not related to [TARGET] argument ?

Think about the reasoning process first and then give the relation.
Respond only with attack, support or neutral.

[SOURCE] : {}
[TARGET] : {}
",attack,102,"
Okay, I need to determine the relationship between the source argument and the target argument. The source says that escaping to Egypt is unlikely because it's far and the road was well-traveled, suggesting they might have gone to another town instead. The target states that Joseph and Mary went to Egypt after the Magi visit. So the source is arguing against the likelihood of going to Egypt, while the target is asserting that they did go there. Therefore, the source is attacking the target's argument.
"
"['Society', 'Feminism', 'Gender', 'Women', 'HumanRights', 'Equality']",attack,"The goal of the feminist #MeToo Movement is clearly about reducing rape/sexual assault, for all sexes. Equal protection against sexual assault leads to equal opportunities to avoid sexual assault, which leads to more practical equality.","Feminism strives for absolute equality rather than equitable opportunity, which leads to less practical equality overall.",True,0.5205495357513428,"You are an expert in argumentation. Your task is to determine the relation from [SOURCE] argument to [TARGET] argument as either ""attack"", ""support"" or ""neutral"". That is, does [SOURCE] argument attack, support, or is not related to [TARGET] argument ?

Think about the reasoning process first and then give the relation.
Respond only with attack, support or neutral.

[SOURCE] : {}
[TARGET] : {}
",attack,130,"
Okay, I need to determine the relationship between the source and target arguments. The source states that the #MeToo Movement's goal is to reduce rape/sexual assault for all sexes, leading to equal protection and more practical equality. The target claims that feminism aims for absolute equality, resulting in less practical equality. 

The source supports the idea that equal protection leads to practical equality, while the target argues that striving for absolute equality reduces practical equality. These ideas are in opposition because one promotes equal protection for equality, and the other criticizes the pursuit of absolute equality as counterproductive. Therefore, the source is attacking the target's argument.
"
"['Animals', 'AnimalRights', 'Ethics']",attack,German zoos have been found to use cruel methods to train elephants to do tricks.,"Animals in zoos are not usually trained to do tricks, and when they are in contemporary zoos, it is done through a reward based system as an enrichment exercise.",True,0.6954778432846069,"You are an expert in argumentation. Your task is to determine the relation from [SOURCE] argument to [TARGET] argument as either ""attack"", ""support"" or ""neutral"". That is, does [SOURCE] argument attack, support, or is not related to [TARGET] argument ?

Think about the reasoning process first and then give the relation.
Respond only with attack, support or neutral.

[SOURCE] : {}
[TARGET] : {}
",attack,160,"
Okay, I need to figure out the relationship between the source and target arguments. The source says that German zoos use cruel methods to train elephants. The target claims that animals in zoos aren't usually trained to do tricks, and when they are, it's through a reward-based system as enrichment.

So, the source is highlighting a negative method (cruel) used by some zoos, specifically German ones. The target is making a general statement that in contemporary zoos, training is done humanely. 

The source is attacking the idea that zoos use cruel methods, while the target is supporting the idea that zoos use humane methods. Therefore, the source is attacking the target's claim because it presents a conflicting method (cruel vs. reward-based).
"
"['Politics', 'FreeSpeech', 'Equality', 'Law', 'HumanRights']",attack,"Laws should reflect the will of society. If a society believes that a given act is immoral, their government should create legislation to prevent people from engaging in such acts.",Governments should not seek to prohibit every morally reprehensible act.,True,0.6012721420092678,"You are an expert in argumentation. Your task is to determine the relation from [SOURCE] argument to [TARGET] argument as either ""attack"", ""support"" or ""neutral"". That is, does [SOURCE] argument attack, support, or is not related to [TARGET] argument ?

Think about the reasoning process first and then give the relation.
Respond only with attack, support or neutral.

[SOURCE] : {}
[TARGET] : {}
",attack,238,"
Alright, so I need to figure out the relationship between the source and target arguments. The source says that laws should reflect society's will. If a society thinks an act is immoral, the government should create laws to prevent it. The target argument is that governments shouldn't try to prohibit every morally bad act.

Hmm, so the source is supporting the idea that laws should be based on societal morals. It's saying that if something is seen as immoral, the government should make it illegal. On the other hand, the target is arguing against the idea of prohibiting every immoral act. It's saying governments shouldn't do that.

So, the source is promoting the idea of using laws to enforce moral standards, while the target is cautioning against doing that for every immoral act. That seems like the target is opposing the source's stance. The source is in favor of more laws based on morality, while the target is against making laws for every moral issue.

Therefore, the source is attacking the target's position because it's arguing for the opposite. The source supports creating laws for immoral acts, while the target says not to. So the source is challenging the target's argument.
"
"['Politics', 'EU', 'Europe', 'Hungary', 'Democracy']",attack,The only country with >20% unemployment in the EU is Greece.,Economies in Southern Europe still face over 20% rates of unemployment compared to Northern European economies like Germany which enjoys under 5% unemployment rates. This system of inequality continues to put a strain on the union.,True,0.6514957741348679,"You are an expert in argumentation. Your task is to determine the relation from [SOURCE] argument to [TARGET] argument as either ""attack"", ""support"" or ""neutral"". That is, does [SOURCE] argument attack, support, or is not related to [TARGET] argument ?

Think about the reasoning process first and then give the relation.
Respond only with attack, support or neutral.

[SOURCE] : {}
[TARGET] : {}
",attack,194,"
Alright, so I need to figure out the relationship between the source and target arguments. The source says that the only country in the EU with over 20% unemployment is Greece. The target argument states that Southern European economies still have over 20% unemployment rates, unlike Northern ones like Germany, which has under 5%. It also mentions that this inequality strains the union.

First, I should compare the information. The source is specific about Greece being the only EU country above 20%, while the target generalizes about Southern Europe. If the source is accurate, then Southern Europe's unemployment rates might not all be over 20%, only Greece. But the target claims Southern Europe as a whole has over 20%, which might not be true if only Greece does. This could mean the source is pointing out that the target's generalization is incorrect, thus attacking the target's argument. So, the source attacks the target.
"
"['Politics', 'Ethics', 'Culture', 'Identity']",support,"Every race and ethnicity can trace their ancestry back to the origin of human evolution in Africa, therefore there is no true ethnic biodiversity to protect, only evolutionary adaptations over time.","Since civilization has been migrating for a long time, it is almost impossible to find a state with an ""original ethnicity"".",True,0.4160248439282394,"You are an expert in argumentation. Your task is to determine the relation from [SOURCE] argument to [TARGET] argument as either ""attack"", ""support"" or ""neutral"". That is, does [SOURCE] argument attack, support, or is not related to [TARGET] argument ?

Think about the reasoning process first and then give the relation.
Respond only with attack, support or neutral.

[SOURCE] : {}
[TARGET] : {}
",support,275,"
Okay, so I need to figure out whether the source argument attacks, supports, or is neutral towards the target argument. Let me start by understanding both arguments.

The source argument says that every race and ethnicity can trace their ancestry back to Africa, implying that there's no true ethnic biodiversity to protect—only evolutionary adaptations over time. This seems to suggest that the concept of distinct ethnic groups is more about temporary changes rather than fixed biodiversity.

The target argument states that because civilizations have been migrating for a long time, it's almost impossible to find a state with an ""original ethnicity."" This is saying that due to migration, the idea of an original ethnicity in a state is hard to pin down.

So, the source is talking about the origins of all races in Africa and the lack of true biodiversity, while the target is about the difficulty of finding an original ethnicity in states due to migration.

I think they're both addressing the idea that ethnicities aren't fixed or original because of human movement and evolution. The source supports the idea that ethnic groups aren't static, and the target says that original ethnicities in states are hard to find because of migration.

Therefore, the source argument supports the target argument by providing a biological basis for why original ethnicities are hard to identify—because everyone comes from a common origin and has evolved over time through migration and adaptation.
"
"['Law', 'Art', 'Copyright', 'Authors']",support,"A key feature of pop music is the presence of simple, looped chord progressions. As such, many songs tend to share the same ones.","Most artists fit in to specific 'styles', genres or 'movements', wherein works of art will necessarily resemble each other, often purposefully.",True,0.372049163939034,"You are an expert in argumentation. Your task is to determine the relation from [SOURCE] argument to [TARGET] argument as either ""attack"", ""support"" or ""neutral"". That is, does [SOURCE] argument attack, support, or is not related to [TARGET] argument ?

Think about the reasoning process first and then give the relation.
Respond only with attack, support or neutral.

[SOURCE] : {}
[TARGET] : {}
",support,152,"
Alright, I need to determine the relationship between the source and target arguments. The source states that pop music has simple, looped chord progressions, leading many songs to share the same ones. The target says that most artists fit into specific styles, genres, or movements, making their works resemble each other, often on purpose.

First, both are discussing the similarity among musical works. The source is about chord progressions in pop, while the target is about styles and genres in general. The source explains a specific reason (chord progressions) for similarity, while the target mentions styles and movements as a broader reason. They both support the idea that works resemble each other, just from different angles. Therefore, the source supports the target.
"
"['Pascal', 'Wager', 'God', 'Existence', 'Philosophy', 'Religion']",support,"The belief in a God gives leaders immunity from justice, as it is believed that only God is allowed to judge them.",Belief in God necessarily gives power and legitimacy to those who claim divine knowledge and dominion over others via authority to dictate morality.,True,0.6035919785499573,"You are an expert in argumentation. Your task is to determine the relation from [SOURCE] argument to [TARGET] argument as either ""attack"", ""support"" or ""neutral"". That is, does [SOURCE] argument attack, support, or is not related to [TARGET] argument ?

Think about the reasoning process first and then give the relation.
Respond only with attack, support or neutral.

[SOURCE] : {}
[TARGET] : {}
",support,214,"
Okay, so I need to figure out the relationship between the [SOURCE] argument and the [TARGET] argument. Let me start by understanding each argument.

The [SOURCE] says that believing in a God gives leaders immunity from justice because people think only God can judge them. So, it's about how religious belief can protect leaders from accountability.

The [TARGET] states that belief in God necessarily gives power and legitimacy to those who claim divine authority, allowing them to dictate morality. This is about how religious leaders gain power and legitimacy by claiming divine knowledge.

Now, I need to see if the source supports, attacks, or is neutral regarding the target. The source talks about immunity from justice, which is a form of power or protection. The target is about power and legitimacy through divine claims. Both are discussing how belief in God affects leaders' authority. 

So, the source is providing a specific example (immunity from justice) that supports the broader point in the target (power and legitimacy through divine authority). Therefore, the source supports the target.
"
"['Education', 'School', 'Children', 'Parenting']",support,"Excessive restrictions and measures intended to keep children safe in school can make them less capable of managing risk on their own and, thus, less safe in the long term .","Schools are often poorly equipped for play. Children would be better off playing elsewhere, like local parks or woods.",True,0.4648391902446747,"You are an expert in argumentation. Your task is to determine the relation from [SOURCE] argument to [TARGET] argument as either ""attack"", ""support"" or ""neutral"". That is, does [SOURCE] argument attack, support, or is not related to [TARGET] argument ?

Think about the reasoning process first and then give the relation.
Respond only with attack, support or neutral.

[SOURCE] : {}
[TARGET] : {}
",support,205,"
Alright, I need to figure out the relationship between the source and target arguments. The source says that excessive restrictions in schools to keep kids safe can make them less capable of managing risks on their own, which might make them less safe in the long run. The target argument is that schools are poorly equipped for play, and kids would be better off playing elsewhere, like parks or woods.

So, the source is talking about the negative effects of too many restrictions in schools, leading to kids not learning how to handle risks. The target is suggesting that schools aren't good for play and that alternative places would be better.

I think the source is pointing out a problem with over-restriction in schools, which could be related to the target's point about schools not being equipped for play. If schools are too restrictive, maybe they aren't set up well for play either. So, the source supports the idea that schools aren't good for play because of these excessive measures. Therefore, the source supports the target argument.
"
"['AnimalRights', 'Meat', 'Vegetarian', 'Food', 'Health', 'Ethics']",support,"Since contracts require consent to be legitimate, and no one has meaningfully consented to the social contract, the social contract has no force as a theory of morality.","The social contract is a theoretic construct anyway, since no person literally entered it by signing anything.",True,0.7287338214357998,"You are an expert in argumentation. Your task is to determine the relation from [SOURCE] argument to [TARGET] argument as either ""attack"", ""support"" or ""neutral"". That is, does [SOURCE] argument attack, support, or is not related to [TARGET] argument ?

Think about the reasoning process first and then give the relation.
Respond only with attack, support or neutral.

[SOURCE] : {}
[TARGET] : {}
",support,242,"
Okay, so I need to figure out the relationship between the source argument and the target argument. The source says that since contracts require consent to be legitimate, and no one has meaningfully consented to the social contract, the social contract has no force as a theory of morality. The target states that the social contract is a theoretical construct because no one literally signed it.

First, I'll break down both arguments. The source is arguing against the social contract's legitimacy because consent isn't present, so it can't be a valid moral theory. The target is pointing out that the social contract isn't something people literally signed, making it a theoretical idea rather than an actual agreement.

Now, I need to see if the source is attacking, supporting, or being neutral towards the target. The source is questioning the validity of the social contract as a moral theory because of lack of consent. The target is explaining that the social contract is theoretical, not a literal contract. 

So, the source is supporting the idea that the social contract isn't a real contract, which aligns with the target's point. Both are saying it's not a literal agreement. Therefore, the source supports the target.
"
"['Trump', 'Politics', 'World', 'USA']",support,Trump has spent three decades trying to obtain real estate deals in Russia.,Trump has close ties with Russian oligarchs who are close to the Kremlin.,True,0.3822596669197082,"You are an expert in argumentation. Your task is to determine the relation from [SOURCE] argument to [TARGET] argument as either ""attack"", ""support"" or ""neutral"". That is, does [SOURCE] argument attack, support, or is not related to [TARGET] argument ?

Think about the reasoning process first and then give the relation.
Respond only with attack, support or neutral.

[SOURCE] : {}
[TARGET] : {}
",support,166,"
Okay, I need to determine the relationship between the source argument and the target argument. The source says that Trump has spent three decades trying to obtain real estate deals in Russia. The target states that Trump has close ties with Russian oligarchs who are close to the Kremlin. 

So, the source is about Trump's efforts in real estate in Russia over a long period. The target is about Trump having close ties with Russian oligarchs connected to the Kremlin. 

Real estate deals in Russia often involve oligarchs, especially those with connections to the government. So, if Trump was trying to get real estate deals, it's logical that he would interact with oligarchs who have influence. Therefore, the source supports the idea that Trump has close ties with these oligarchs. 

So, the source supports the target argument.
"
"['Ethics', 'Moral', 'Law', 'Science', 'Politics']",support,The termination of a minor who is not Gillick competent's pregnancy requires court approval.,"In Australia, there are certain medical procedures that require the decision of a court to perform.",True,0.4395322203636169,"You are an expert in argumentation. Your task is to determine the relation from [SOURCE] argument to [TARGET] argument as either ""attack"", ""support"" or ""neutral"". That is, does [SOURCE] argument attack, support, or is not related to [TARGET] argument ?

Think about the reasoning process first and then give the relation.
Respond only with attack, support or neutral.

[SOURCE] : {}
[TARGET] : {}
",support,119,"
Alright, let's break this down. The source argument is about terminating a pregnancy for a minor who isn't Gillick competent needing court approval. The target argument states that in Australia, certain medical procedures require court decisions. 

So, the source is a specific case where a minor's pregnancy termination requires court involvement. The target is a broader statement about medical procedures needing court decisions in Australia. 

Since the source is an example of a medical procedure (pregnancy termination) that requires court approval, it supports the target's general statement. Therefore, the source supports the target.
"
"['LGBTQ', 'Religion', 'Sexuality', 'Gender', 'Identity', 'Belief']",support,Many LGBTQ+ individuals feel conflicted about their religious and sexual identities. This suggests there is incompatibility between both identities.,Religious communities and the LGBT community tend to be very different from one another.,True,0.7246567062726681,"You are an expert in argumentation. Your task is to determine the relation from [SOURCE] argument to [TARGET] argument as either ""attack"", ""support"" or ""neutral"". That is, does [SOURCE] argument attack, support, or is not related to [TARGET] argument ?

Think about the reasoning process first and then give the relation.
Respond only with attack, support or neutral.

[SOURCE] : {}
[TARGET] : {}
",support,121,"
Alright, let's figure out the relation between the source and target arguments. The source says that many LGBTQ+ individuals feel conflicted about their religious and sexual identities, suggesting incompatibility. The target states that religious communities and the LGBT community are very different from each other.

So, the source is talking about individuals feeling conflicted, implying a clash between their identities. The target is stating that the communities themselves are different. The source supports the idea that there's a divide, which aligns with the target's assertion that the communities are different. Therefore, the source supports the target.
"
"['Democracy', 'Government', 'Politics', 'Nations']",support,"In many countries, for example throughout the EU's east, the turnout in national elections is under two thirds. This indicates that many citizens are not willing to make an effort.",Citizens in democracies are generally not willing to make the efforts necessary to keep democracy running as intended.,True,0.5331215421295628,"You are an expert in argumentation. Your task is to determine the relation from [SOURCE] argument to [TARGET] argument as either ""attack"", ""support"" or ""neutral"". That is, does [SOURCE] argument attack, support, or is not related to [TARGET] argument ?

Think about the reasoning process first and then give the relation.
Respond only with attack, support or neutral.

[SOURCE] : {}
[TARGET] : {}
",support,152,"
Okay, so I need to figure out if the source argument attacks, supports, or is neutral towards the target argument. Let's break this down.

The source says that in many countries, especially in the EU's east, the turnout in national elections is under two-thirds. This suggests that many citizens aren't willing to make the effort. The target argument is that citizens in democracies aren't willing to make the efforts needed to keep democracy running as intended.

So, the source is pointing out low voter turnout as an indicator of lack of effort from citizens. The target is a general statement about citizens not making the necessary efforts in democracies. The source is a specific example supporting the target's claim. Therefore, the source supports the target.
"
"['Society', 'Feminism', 'Women', 'Gender', 'Transgender']",support,Accepting someone's claimed discomfort with those who don't easily fit into their own predetermined categories enables transphobia.,Refusing to acknowledge trans women as women and seeking to deny them access to bathrooms is often motivated by transphobia.,True,0.6777383291047316,"You are an expert in argumentation. Your task is to determine the relation from [SOURCE] argument to [TARGET] argument as either ""attack"", ""support"" or ""neutral"". That is, does [SOURCE] argument attack, support, or is not related to [TARGET] argument ?

Think about the reasoning process first and then give the relation.
Respond only with attack, support or neutral.

[SOURCE] : {}
[TARGET] : {}
",support,176,"
Alright, I'm trying to figure out the relationship between the source and target arguments. The source says that accepting someone's discomfort with those who don't fit into their categories enables transphobia. The target states that refusing to acknowledge trans women as women and denying them bathroom access is often due to transphobia.

So, the source is talking about how accepting discomfort can lead to transphobia. The target is giving an example of transphobia in action, specifically about bathroom access. It seems like the source is explaining a cause, and the target is illustrating an effect or a specific instance of that cause. Therefore, the source supports the target by providing a reason why transphobia happens, which the target then exemplifies.

I think the relationship is ""support"" because the source argument provides a reason that underpins the behavior described in the target argument.
"
"['Economics', 'Taxes', 'Wealth', 'Capitalism', 'SupplySide'] & ['Philosophy', 'Religion']",neutral,"Jesus made clear that God just wants his creations to love him when he said ""And you shall love the Lord your God with all your heart and with all your soul and with all your mind and with all your strength"" (Mark 12: 30–32).",The airline industry had to fire thousands of people as they suffered major losses in the 1980s after companies expanded too quickly when the industry was deregulated in 1978.,False,-0.0737685784697532,"You are an expert in argumentation. Your task is to determine the relation from [SOURCE] argument to [TARGET] argument as either ""attack"", ""support"" or ""neutral"". That is, does [SOURCE] argument attack, support, or is not related to [TARGET] argument ?

Think about the reasoning process first and then give the relation.
Respond only with attack, support or neutral.

[SOURCE] : {}
[TARGET] : {}
",neutral,172,"
Okay, so I need to figure out the relationship between the source and target arguments. The source is a statement about Jesus emphasizing the importance of loving God completely, citing Mark 12:30-32. The target is about the airline industry firing people in the 80s due to deregulation in 1978 leading to expansion and losses.

Hmm, the source is a religious statement about loving God, while the target is an economic event in the airline industry. They don't seem related at all. The source is talking about a religious principle, and the target is about business and labor issues. There's no overlap in the topics; one is about faith and the other about economics. So, the source isn't attacking or supporting the target because they're completely unrelated. 

Therefore, the relation is neutral.
"
"['Relationships', 'Society', 'Individual', 'Independence', 'Culture'] & ['Politics', 'Society', 'Law', 'Europe', 'Economics']",neutral,EU members states share similar ethical concerns about allowing GMOs.,"With romantic relationships, one is interacting with one person at a time. With non-romantic relationships, a person can interact with multiple people at a time, which is more fulfilling than a romantic relationship.",False,-0.068525794534338,"You are an expert in argumentation. Your task is to determine the relation from [SOURCE] argument to [TARGET] argument as either ""attack"", ""support"" or ""neutral"". That is, does [SOURCE] argument attack, support, or is not related to [TARGET] argument ?

Think about the reasoning process first and then give the relation.
Respond only with attack, support or neutral.

[SOURCE] : {}
[TARGET] : {}
",neutral,141,"
Okay, so I need to figure out the relationship between the source argument and the target argument. The source says that EU member states share similar ethical concerns about allowing GMOs. The target is about romantic versus non-romantic relationships, stating that non-romantic can be more fulfilling because you interact with multiple people.

Hmm, the source is talking about GMOs and ethical concerns in the EU. The target is about relationships and fulfillment. These seem completely unrelated. One is about policy and ethics regarding genetically modified organisms, and the other is about personal relationships. There's no overlap in topics or implications. So, the source neither supports nor attacks the target; they're just not related.
"
"['EU', 'Europe', 'UK', 'Politics', 'Brexit', 'Referendum']",neutral,The NHS claims for the care an EU citizen receives from the member state via European Health Insurance Card (EHIC).,Political unity is a more effective defence against weaponised disinformation and is the target of such attacks.,True,0.0439621768891811,"You are an expert in argumentation. Your task is to determine the relation from [SOURCE] argument to [TARGET] argument as either ""attack"", ""support"" or ""neutral"". That is, does [SOURCE] argument attack, support, or is not related to [TARGET] argument ?

Think about the reasoning process first and then give the relation.
Respond only with attack, support or neutral.

[SOURCE] : {}
[TARGET] : {}
",neutral,138,"
Alright, let's figure out the relationship between the source and target arguments. The source talks about the NHS claiming for care an EU citizen gets through the EHIC. The target is about political unity being an effective defense against weaponized disinformation and being the target of such attacks. 

So, the source is about healthcare claims and the EU, while the target is about political unity and disinformation. They don't seem related. The source is about how the NHS handles medical claims for EU citizens, whereas the target is discussing the importance of political unity in fighting disinformation. No direct connection between healthcare claims and political unity in this context. So, the relation is neutral.
"
"['Science', 'Humanities', 'Value', 'Morality', 'Ethics'] & ['Ethics', 'Society', 'Religion', 'Psychology', 'Parenting', 'Children']",neutral,"Intention impacts the morality of an act. E.g. If I shove you to the ground, you will almost certainly be physically hurt. If I shove you out of the path of a truck, this is not abuse. If I shove you for no reason, this is abuse.","Modern medicine, the use of energy, and most feats of engineering are dependent on scientific discoveries that have been made over the years.",False,-0.0716274466070474,"You are an expert in argumentation. Your task is to determine the relation from [SOURCE] argument to [TARGET] argument as either ""attack"", ""support"" or ""neutral"". That is, does [SOURCE] argument attack, support, or is not related to [TARGET] argument ?

Think about the reasoning process first and then give the relation.
Respond only with attack, support or neutral.

[SOURCE] : {}
[TARGET] : {}
",neutral,201,"
Okay, so I need to figure out whether the source argument attacks, supports, or is neutral with respect to the target argument. Let me break this down.

The source argument says that intention affects the morality of an action. It gives examples: shoving someone can be either abusive or not, depending on the reason. So, the key point here is that the intention behind an action determines whether it's morally right or wrong.

The target argument states that modern medicine, energy use, and engineering feats rely on scientific discoveries over time. This is more about the dependence of these fields on scientific progress.

Now, I need to see if the source supports, attacks, or is neutral to the target. The source is about intention and morality, while the target is about the reliance on science. They seem to be talking about different things. The source doesn't mention science, medicine, or engineering, so it doesn't directly relate to the target's points.

Therefore, the relation is neutral.
"
"['Sports', 'Feminism', 'Gender']",neutral,Men have been nurtured in a world where the objectification of women is normalised.,Research shows that maintaining an exercise schedule can prevent an individual from relapsing into depression.,True,0.0087147717219864,"You are an expert in argumentation. Your task is to determine the relation from [SOURCE] argument to [TARGET] argument as either ""attack"", ""support"" or ""neutral"". That is, does [SOURCE] argument attack, support, or is not related to [TARGET] argument ?

Think about the reasoning process first and then give the relation.
Respond only with attack, support or neutral.

[SOURCE] : {}
[TARGET] : {}
",neutral,168,"
Okay, so I need to figure out the relationship between the source argument and the target argument. The source says that men have been nurtured in a world where the objectification of women is normalized. The target is about research showing that maintaining an exercise schedule can prevent depression relapse.

Hmm, I'm trying to see if these two are related. The source is talking about societal norms affecting men's behavior towards women, while the target is about exercise and mental health. They seem to be addressing different topics: one is about socialization and gender roles, the other about health and depression prevention.

I don't see a direct connection between objectifying women and exercise schedules. Maybe if someone tried to link them, but as they stand, they don't support or attack each other. So, I think the relation is neutral.
"
"['Children', 'Community', 'Society', 'Parents']",neutral,The communal structure of the practice gives legitimacy to community level state agencies to control the practice.,Paid maternity leave is not a reality for all women.,True,-0.0367999464690718,"You are an expert in argumentation. Your task is to determine the relation from [SOURCE] argument to [TARGET] argument as either ""attack"", ""support"" or ""neutral"". That is, does [SOURCE] argument attack, support, or is not related to [TARGET] argument ?

Think about the reasoning process first and then give the relation.
Respond only with attack, support or neutral.

[SOURCE] : {}
[TARGET] : {}
",neutral,127,"
Okay, so I need to figure out the relationship between the source argument and the target argument. The source says that the communal structure gives legitimacy to community-level state agencies to control the practice. The target is that paid maternity leave isn't a reality for all women.

Hmm, the source is talking about communal structures and state agencies controlling something. The target is about access to paid maternity leave. I don't see a direct connection here. The source is more about how certain agencies get their authority, while the target is about a specific policy's availability. They don't seem related. So I think the relation is neutral.
"
"['Ethics', 'Humans', 'Culture', 'Society', 'Food'] & ['Anarchy', 'Government', 'Politics', 'Ethics', 'Society']",neutral,"If a security company is private, it needs to not violate NAP. If they had rules that violate NAP, they could easily get into conflict with another security company. Conflicts won't result in battles as it is way too expensive and an economically bad decision.",The morality of eating human meat is unaffected by whether it is healthy or not. The health of the person who consumes that meat is the only one who is impacted; the rest of society is unaffected.,False,-0.0801047259600378,"You are an expert in argumentation. Your task is to determine the relation from [SOURCE] argument to [TARGET] argument as either ""attack"", ""support"" or ""neutral"". That is, does [SOURCE] argument attack, support, or is not related to [TARGET] argument ?

Think about the reasoning process first and then give the relation.
Respond only with attack, support or neutral.

[SOURCE] : {}
[TARGET] : {}
",neutral,183,"
Alright, let me try to figure this out. So, I need to determine the relationship between the source argument and the target argument. The source says that if a private security company violates NAP, they might conflict with another security company, but conflicts are expensive and bad economically, so they won't result in battles. The target argument is about the morality of eating human meat being separate from its health impact, stating that only the consumer is affected, not society.

Hmm, so the source is talking about security companies and conflicts, while the target is about eating human meat and morality vs health. They seem unrelated at first glance. The source is discussing economic and conflict-related issues, while the target is a moral and health issue. I don't see any connection between private security companies and the consumption of human meat. Therefore, the source doesn't attack or support the target; it's just neutral.
"
"['Justice', 'Politics', 'Moral', 'Society'] & ['Science', 'Humans', 'Society', 'Environment', 'Climate']",neutral,"The United States, one of the biggest food producers in the world, uses just over a quarter of its produce to feed people directly. It may not be difficult to shift the balance of crop use if the climate changes.","No one should be executed unless they are guilty beyond question. If positive culpatory evidence surfaces, a formerly spared criminal could then be executed.",False,-0.0855818092823028,"You are an expert in argumentation. Your task is to determine the relation from [SOURCE] argument to [TARGET] argument as either ""attack"", ""support"" or ""neutral"". That is, does [SOURCE] argument attack, support, or is not related to [TARGET] argument ?

Think about the reasoning process first and then give the relation.
Respond only with attack, support or neutral.

[SOURCE] : {}
[TARGET] : {}
",neutral,171,"
Okay, so I'm trying to figure out the relationship between the source argument and the target argument. The source says that the US, a big food producer, uses a quarter of its crops for direct food. It suggests that shifting this balance might be possible with climate change. The target is about execution: only execute if guilty beyond a doubt, and if new evidence comes up, a spared criminal could be executed.

Hmm, the source is talking about agriculture and climate change, while the target is about legal execution standards. They don't seem related at all. The source is about food production, maybe implying changes in how crops are used due to climate factors. The target is a legal stance on executions based on evidence. No overlap in topics or implications. So, the source doesn't attack or support the target; it's just neutral.
"
"['UnitedNations', 'HumanRights', 'Ethics', 'Philosophy', 'Politics'] & ['Reparations', 'Slavery', 'Politics', 'USA', 'Race', 'America']",neutral,"COVID-19 related welfare, a program of a similar scale to reparations, was susceptible to widespread fraud.",The UDHR can't be fully implemented.,False,-0.0461661074608066,"You are an expert in argumentation. Your task is to determine the relation from [SOURCE] argument to [TARGET] argument as either ""attack"", ""support"" or ""neutral"". That is, does [SOURCE] argument attack, support, or is not related to [TARGET] argument ?

Think about the reasoning process first and then give the relation.
Respond only with attack, support or neutral.

[SOURCE] : {}
[TARGET] : {}
",neutral,166,"
Okay, so I need to figure out the relationship between the source argument and the target argument. The source says that COVID-19 related welfare, similar to reparations, was susceptible to widespread fraud. The target is that the UDHR can't be fully implemented. Hmm, the UDHR is the Universal Declaration of Human Rights, which is a set of principles, not a program. The source is talking about a specific welfare program and its susceptibility to fraud. I don't see a direct connection between welfare fraud and the implementation of human rights. Maybe the source is suggesting that because large programs can be fraudulent, big implementations like UDHR might face issues, but that's a stretch. Or perhaps it's unrelated. I think they're talking about different things. So, I'd say the relation is neutral.
"
"['ChatGPT', 'AI', 'Tech', 'ArtificialIntelligence']",neutral,"If increasing the efficiency of labour has negative impacts on the public, then it is as a result of the lack of social welfare policies that have resulted in people needing to work, even inefficiently, so as to earn enough to survive.",Many AI programmers have serious ethical concerns about the development of a dangerous AI.,True,0.0257851757577166,"You are an expert in argumentation. Your task is to determine the relation from [SOURCE] argument to [TARGET] argument as either ""attack"", ""support"" or ""neutral"". That is, does [SOURCE] argument attack, support, or is not related to [TARGET] argument ?

Think about the reasoning process first and then give the relation.
Respond only with attack, support or neutral.

[SOURCE] : {}
[TARGET] : {}
",neutral,138,"
Okay, I need to determine the relationship between the source argument and the target argument. The source says that if making labor more efficient has negative impacts on the public, it's because of the lack of social welfare policies. This makes people work inefficiently just to survive. The target is about AI programmers having ethical concerns about dangerous AI. 

Hmm, the source is talking about labor efficiency and social policies, while the target is about AI ethics. They seem unrelated. The source is discussing economic policies and their effects on labor, whereas the target is about ethical issues in AI development. There's no overlap in the topics or arguments. So, I think the relation is neutral.
"
